{"1": -5, "2": 13.857136263634828, "3": 12.561527559775074, "4": 12.136869691281154, "5": 11.015732659623337, "6": 10.987206677156736, "7": 10.289389067524118, "8": 9.700423418547645, "9": 9.754687669352215, "10": 9.116892396635162, "11": 9.09206295481469, "12": 8.83676943446189, "13": 8.801714898177922, "14": 9.108986292096802, "15": 8.763420349882828, "16": 8.574490889603428, "17": 8.440514469453374}