{"1": -5, "2": 13.553690990761927, "3": 12.011689628436812, "4": 10.819189335813375, "5": 9.975933888977368, "6": 9.48746534030815, "7": 9.129336846728151, "8": 8.818073094706708, "9": 8.595772437269412, "10": 8.358680741933558}