{"1": -5, "2": 15.79640801608765, "3": 14.794972182155368, "4": 14.28332076736198, "5": 14.233954451345754, "6": 14.168979340117176, "7": 13.910055281637533, "8": 14.220117663940307, "9": 14.232209737827716, "10": 14.858732250036596, "11": 14.816933638443937, "12": 15.123614663256612, "13": 14.58937198067633, "14": 14.397406559877954, "15": 14.640137558339475, "16": 14.626945786366079, "17": 14.888010540184455}