{"australian_gen5000_MOP7at5_Dtra": [[1, 13.699157863917591], [2, 12.410040372125678], [3, 11.583963958932541], [4, 10.978835978835978], [5, 10.316236680714015], [6, 9.859388747779605], [7, 9.50239951531385], [8, 9.14074797807089], [9, 8.817645049529109], [10, 8.623612170522925], [11, 8.352751728710809], [12, 8.240472356414386], [13, 8.182896855665735], [14, 8.062447119189933], [15, 7.795073656587341], [16, 7.667252232469623]], "australian_gen5000_MOP7at5_Dtst": [[1, 15.79640801608765], [2, 14.794972182155368], [3, 14.28332076736198], [4, 14.233954451345754], [5, 14.168979340117176], [6, 13.910055281637533], [7, 14.220117663940307], [8, 14.232209737827716], [9, 14.858732250036596], [10, 14.816933638443937], [11, 15.123614663256612], [12, 14.58937198067633], [13, 14.397406559877954], [14, 14.640137558339475], [15, 14.626945786366079], [16, 14.888010540184455]], "australian_gen5000_MOP7at5_Dsubtra": [[1, 13.54066985645933], [2, 12.258064516129034], [3, 11.029274659705388], [4, 10.941820276497696], [5, 9.643102264927935], [6, 9.428001330229465], [7, 9.303736825295433], [8, 8.524827836172525], [9, 8.51743238840013], [10, 8.153650254668932], [11, 7.867172675521822], [12, 7.677419354838709], [13, 7.253820033955859], [14, 7.359212684527065], [15, 7.013142174432496], [16, 6.891495601173021]], "australian_gen5000_MOP7at5_Dvalid": [[1, 13.857136263634828], [2, 12.561527559775074], [3, 12.136869691281154], [4, 11.015732659623337], [5, 10.987206677156736], [6, 10.289389067524118], [7, 9.700423418547645], [8, 9.754687669352215], [9, 9.116892396635162], [10, 9.09206295481469], [11, 8.83676943446189], [12, 8.801714898177922], [13, 9.108986292096802], [14, 8.763420349882828], [15, 8.574490889603428], [16, 8.440514469453374]], "australian_gen5000_MOP1at5_Dtra": [[1, 13.553690990761927], [2, 12.011689628436812], [3, 10.819189335813375], [4, 9.975933888977368], [5, 9.48746534030815], [6, 9.129336846728151], [7, 8.818073094706708], [8, 8.595772437269412], [9, 8.358680741933558]], "australian_gen5000_MOP1at5_Dtst": [[1, 15.964912280701757], [2, 14.761137949543746], [3, 14.570254979462138], [4, 13.592928810320116], [5, 13.635194237200926], [6, 13.883399209486164], [7, 13.653699466056445], [8, 13.630526508897455], [9, 14.22436929683307]]}