{"1": -5, "2": 13.54066985645933, "3": 12.258064516129034, "4": 11.029274659705388, "5": 10.941820276497696, "6": 9.643102264927935, "7": 9.428001330229465, "8": 9.303736825295433, "9": 8.524827836172525, "10": 8.51743238840013, "11": 8.153650254668932, "12": 7.867172675521822, "13": 7.677419354838709, "14": 7.253820033955859, "15": 7.359212684527065, "16": 7.013142174432496, "17": 6.891495601173021}