{"1": -5, "2": 15.964912280701757, "3": 14.761137949543746, "4": 14.570254979462138, "5": 13.592928810320116, "6": 13.635194237200926, "7": 13.883399209486164, "8": 13.653699466056445, "9": 13.630526508897455, "10": 14.22436929683307}