{"1": -5, "2": 13.699157863917591, "3": 12.410040372125678, "4": 11.583963958932541, "5": 10.978835978835978, "6": 10.316236680714015, "7": 9.859388747779605, "8": 9.50239951531385, "9": 9.14074797807089, "10": 8.817645049529109, "11": 8.623612170522925, "12": 8.352751728710809, "13": 8.240472356414386, "14": 8.182896855665735, "15": 8.062447119189933, "16": 7.795073656587341, "17": 7.667252232469623}